image,label,lat,lon,date,sample_id,label_id
/content/drive/MyDrive/wildfire_prediction/sentinel2_firms_tf_lora/tiles/normal/sample_00062.png,normal,37.24254321707509,-115.21082688418963,2021-09-21,sample_00062,0
/content/drive/MyDrive/wildfire_prediction/sentinel2_firms_tf_lora/tiles/fire/sample_00161.png,fire,40.02108,-120.80369,2021-08-30,sample_00161,1
/content/drive/MyDrive/wildfire_prediction/sentinel2_firms_tf_lora/tiles/normal/sample_00001.png,normal,40.786675253333655,-114.2498366542249,2021-10-12,sample_00001,0
/content/drive/MyDrive/wildfire_prediction/sentinel2_firms_tf_lora/tiles/normal/sample_00030.png,normal,40.471788785558346,-119.26705720057446,2021-09-30,sample_00030,0
/content/drive/MyDrive/wildfire_prediction/sentinel2_firms_tf_lora/tiles/fire/sample_00492.png,fire,41.41995,-121.89952,2021-08-19,sample_00492,1
/content/drive/MyDrive/wildfire_prediction/sentinel2_firms_tf_lora/tiles/normal/sample_00122.png,normal,41.79926369566209,-114.77314667841466,2021-10-17,sample_00122,0
/content/drive/MyDrive/wildfire_prediction/sentinel2_firms_tf_lora/tiles/normal/sample_00412.png,normal,37.6859323618512,-122.18537346857269,2021-09-14,sample_00412,0
/content/drive/MyDrive/wildfire_prediction/sentinel2_firms_tf_lora/tiles/normal/sample_00186.png,normal,42.05560008807932,-118.66443260424101,2021-09-30,sample_00186,0
/content/drive/MyDrive/wildfire_prediction/sentinel2_firms_tf_lora/tiles/normal/sample_00083.png,normal,41.182574126159444,-115.47382829733566,2021-07-10,sample_00083,0
/content/drive/MyDrive/wildfire_prediction/sentinel2_firms_tf_lora/tiles/normal/sample_00476.png,normal,40.944382484758464,-115.2676624539123,2021-08-17,sample_00476,0
/content/drive/MyDrive/wildfire_prediction/sentinel2_firms_tf_lora/tiles/fire/sample_00502.png,fire,40.18428,-120.73937,2021-08-12,sample_00502,1
/content/drive/MyDrive/wildfire_prediction/sentinel2_firms_tf_lora/tiles/fire/sample_00447.png,fire,38.60425,-120.53497,2021-08-18,sample_00447,1
/content/drive/MyDrive/wildfire_prediction/sentinel2_firms_tf_lora/tiles/normal/sample_00063.png,normal,39.4284745106026,-114.2456262597279,2021-09-06,sample_00063,0
/content/drive/MyDrive/wildfire_prediction/sentinel2_firms_tf_lora/tiles/fire/sample_00005.png,fire,38.69101,-120.53333,2021-08-17,sample_00005,1
/content/drive/MyDrive/wildfire_prediction/sentinel2_firms_tf_lora/tiles/normal/sample_00129.png,normal,35.34758700790303,-122.29308180873225,2021-10-09,sample_00129,0
/content/drive/MyDrive/wildfire_prediction/sentinel2_firms_tf_lora/tiles/fire/sample_00252.png,fire,40.39822,-121.09178,2021-08-10,sample_00252,1
/content/drive/MyDrive/wildfire_prediction/sentinel2_firms_tf_lora/tiles/fire/sample_00402.png,fire,38.65655,-120.18977,2021-08-30,sample_00402,1
/content/drive/MyDrive/wildfire_prediction/sentinel2_firms_tf_lora/tiles/normal/sample_00348.png,normal,41.81288592691561,-122.62503793018914,2021-08-03,sample_00348,0
/content/drive/MyDrive/wildfire_prediction/sentinel2_firms_tf_lora/tiles/normal/sample_00561.png,normal,33.50057284367117,-114.55586220522676,2021-09-21,sample_00561,0
/content/drive/MyDrive/wildfire_prediction/sentinel2_firms_tf_lora/tiles/normal/sample_00182.png,normal,41.34212105433615,-119.16347063827462,2021-10-21,sample_00182,0
/content/drive/MyDrive/wildfire_prediction/sentinel2_firms_tf_lora/tiles/fire/sample_00132.png,fire,41.47842,-121.87678,2021-08-20,sample_00132,1
/content/drive/MyDrive/wildfire_prediction/sentinel2_firms_tf_lora/tiles/normal/sample_00525.png,normal,39.69449528848141,-115.76479500586964,2021-08-02,sample_00525,0
/content/drive/MyDrive/wildfire_prediction/sentinel2_firms_tf_lora/tiles/fire/sample_00495.png,fire,38.72221,-119.69221,2021-07-22,sample_00495,1
/content/drive/MyDrive/wildfire_prediction/sentinel2_firms_tf_lora/tiles/normal/sample_00346.png,normal,37.76868766359942,-120.89054736146487,2021-10-04,sample_00346,0
/content/drive/MyDrive/wildfire_prediction/sentinel2_firms_tf_lora/tiles/fire/sample_00382.png,fire,40.48139,-121.27399,2021-08-07,sample_00382,1
/content/drive/MyDrive/wildfire_prediction/sentinel2_firms_tf_lora/tiles/fire/sample_00135.png,fire,41.59756,-121.85345,2021-08-06,sample_00135,1
/content/drive/MyDrive/wildfire_prediction/sentinel2_firms_tf_lora/tiles/fire/sample_00138.png,fire,40.49532,-121.39525,2021-08-25,sample_00138,1
/content/drive/MyDrive/wildfire_prediction/sentinel2_firms_tf_lora/tiles/fire/sample_00200.png,fire,39.94667,-121.31351,2021-07-18,sample_00200,1
/content/drive/MyDrive/wildfire_prediction/sentinel2_firms_tf_lora/tiles/fire/sample_00031.png,fire,37.34665,-119.85297,2021-07-12,sample_00031,1
/content/drive/MyDrive/wildfire_prediction/sentinel2_firms_tf_lora/tiles/fire/sample_00574.png,fire,37.30733,-119.82247,2021-07-12,sample_00574,1
/content/drive/MyDrive/wildfire_prediction/sentinel2_firms_tf_lora/tiles/normal/sample_00534.png,normal,38.3293575386886,-116.43086194049793,2021-08-28,sample_00534,0
/content/drive/MyDrive/wildfire_prediction/sentinel2_firms_tf_lora/tiles/fire/sample_00373.png,fire,41.05505,-123.20466,2021-09-17,sample_00373,1
/content/drive/MyDrive/wildfire_prediction/sentinel2_firms_tf_lora/tiles/normal/sample_00210.png,normal,38.39865801922355,-116.35521783316872,2021-08-18,sample_00210,0
/content/drive/MyDrive/wildfire_prediction/sentinel2_firms_tf_lora/tiles/fire/sample_00445.png,fire,40.73509,-122.25034,2021-09-25,sample_00445,1
/content/drive/MyDrive/wildfire_prediction/sentinel2_firms_tf_lora/tiles/fire/sample_00052.png,fire,37.82076,-119.56262,2021-07-17,sample_00052,1
/content/drive/MyDrive/wildfire_prediction/sentinel2_firms_tf_lora/tiles/normal/sample_00510.png,normal,34.97246966426987,-116.26725867954002,2021-08-28,sample_00510,0
/content/drive/MyDrive/wildfire_prediction/sentinel2_firms_tf_lora/tiles/fire/sample_00340.png,fire,40.64777,-123.08101,2021-08-16,sample_00340,1
/content/drive/MyDrive/wildfire_prediction/sentinel2_firms_tf_lora/tiles/normal/sample_00481.png,normal,40.19788509872991,-122.42289825555713,2021-07-15,sample_00481,0
/content/drive/MyDrive/wildfire_prediction/sentinel2_firms_tf_lora/tiles/fire/sample_00077.png,fire,41.00561,-123.20283,2021-09-07,sample_00077,1
/content/drive/MyDrive/wildfire_prediction/sentinel2_firms_tf_lora/tiles/normal/sample_00419.png,normal,33.60623048429467,-117.26888109227302,2021-09-28,sample_00419,0
/content/drive/MyDrive/wildfire_prediction/sentinel2_firms_tf_lora/tiles/fire/sample_00442.png,fire,41.54362,-121.93438,2021-08-05,sample_00442,1
/content/drive/MyDrive/wildfire_prediction/sentinel2_firms_tf_lora/tiles/normal/sample_00157.png,normal,33.60886556194436,-115.04950823148054,2021-09-03,sample_00157,0
/content/drive/MyDrive/wildfire_prediction/sentinel2_firms_tf_lora/tiles/fire/sample_00215.png,fire,38.69036,-120.24936,2021-08-24,sample_00215,1
/content/drive/MyDrive/wildfire_prediction/sentinel2_firms_tf_lora/tiles/normal/sample_00022.png,normal,34.25794743820228,-116.74465113815602,2021-08-05,sample_00022,0
/content/drive/MyDrive/wildfire_prediction/sentinel2_firms_tf_lora/tiles/normal/sample_00029.png,normal,39.59691575504292,-117.4584007034535,2021-08-16,sample_00029,0
/content/drive/MyDrive/wildfire_prediction/sentinel2_firms_tf_lora/tiles/normal/sample_00429.png,normal,36.42007780667788,-117.88746350225401,2021-07-25,sample_00429,0
/content/drive/MyDrive/wildfire_prediction/sentinel2_firms_tf_lora/tiles/fire/sample_00570.png,fire,40.77337,-123.15865,2021-08-08,sample_00570,1
/content/drive/MyDrive/wildfire_prediction/sentinel2_firms_tf_lora/tiles/normal/sample_00437.png,normal,37.68225507349261,-117.69983540427395,2021-10-25,sample_00437,0
/content/drive/MyDrive/wildfire_prediction/sentinel2_firms_tf_lora/tiles/fire/sample_00472.png,fire,36.49067,-118.70448,2021-09-30,sample_00472,1
/content/drive/MyDrive/wildfire_prediction/sentinel2_firms_tf_lora/tiles/normal/sample_00563.png,normal,38.77930574888635,-118.80276725924945,2021-08-22,sample_00563,0
/content/drive/MyDrive/wildfire_prediction/sentinel2_firms_tf_lora/tiles/normal/sample_00229.png,normal,40.56419267727293,-119.16953973923484,2021-07-26,sample_00229,0
/content/drive/MyDrive/wildfire_prediction/sentinel2_firms_tf_lora/tiles/normal/sample_00370.png,normal,36.17792508286933,-116.41714439069604,2021-10-30,sample_00370,0
/content/drive/MyDrive/wildfire_prediction/sentinel2_firms_tf_lora/tiles/normal/sample_00024.png,normal,32.92546051615205,-117.63871737320919,2021-09-21,sample_00024,0
/content/drive/MyDrive/wildfire_prediction/sentinel2_firms_tf_lora/tiles/fire/sample_00435.png,fire,35.86309,-118.62182,2021-09-25,sample_00435,1
/content/drive/MyDrive/wildfire_prediction/sentinel2_firms_tf_lora/tiles/fire/sample_00250.png,fire,40.0652,-120.79553,2021-08-20,sample_00250,1
/content/drive/MyDrive/wildfire_prediction/sentinel2_firms_tf_lora/tiles/normal/sample_00289.png,normal,32.775628694358126,-119.5577547785971,2021-07-26,sample_00289,0
/content/drive/MyDrive/wildfire_prediction/sentinel2_firms_tf_lora/tiles/fire/sample_00178.png,fire,40.09975,-121.11138,2021-08-19,sample_00178,1
/content/drive/MyDrive/wildfire_prediction/sentinel2_firms_tf_lora/tiles/normal/sample_00554.png,normal,33.88254090493146,-116.49363659921092,2021-09-08,sample_00554,0
/content/drive/MyDrive/wildfire_prediction/sentinel2_firms_tf_lora/tiles/normal/sample_00434.png,normal,38.1086938455947,-119.99728672052552,2021-09-11,sample_00434,0
/content/drive/MyDrive/wildfire_prediction/sentinel2_firms_tf_lora/tiles/normal/sample_00042.png,normal,38.143349254123564,-115.77899784530666,2021-08-01,sample_00042,0
/content/drive/MyDrive/wildfire_prediction/sentinel2_firms_tf_lora/tiles/fire/sample_00368.png,fire,40.09792,-121.06285,2021-08-11,sample_00368,1
/content/drive/MyDrive/wildfire_prediction/sentinel2_firms_tf_lora/tiles/fire/sample_00228.png,fire,39.95031,-120.36359,2021-09-05,sample_00228,1
/content/drive/MyDrive/wildfire_prediction/sentinel2_firms_tf_lora/tiles/fire/sample_00451.png,fire,41.42152,-123.31487,2021-09-15,sample_00451,1
/content/drive/MyDrive/wildfire_prediction/sentinel2_firms_tf_lora/tiles/fire/sample_00170.png,fire,40.19319,-121.18171,2021-07-24,sample_00170,1
/content/drive/MyDrive/wildfire_prediction/sentinel2_firms_tf_lora/tiles/fire/sample_00531.png,fire,40.55638,-121.44424,2021-09-08,sample_00531,1
/content/drive/MyDrive/wildfire_prediction/sentinel2_firms_tf_lora/tiles/fire/sample_00509.png,fire,40.50521,-121.37861,2021-08-26,sample_00509,1
/content/drive/MyDrive/wildfire_prediction/sentinel2_firms_tf_lora/tiles/fire/sample_00065.png,fire,38.69814,-120.58369,2021-08-23,sample_00065,1
/content/drive/MyDrive/wildfire_prediction/sentinel2_firms_tf_lora/tiles/normal/sample_00307.png,normal,36.50871264329323,-119.59624098561491,2021-10-02,sample_00307,0
/content/drive/MyDrive/wildfire_prediction/sentinel2_firms_tf_lora/tiles/fire/sample_00237.png,fire,38.75231,-120.30694,2021-08-22,sample_00237,1
/content/drive/MyDrive/wildfire_prediction/sentinel2_firms_tf_lora/tiles/fire/sample_00411.png,fire,40.22667,-121.41463,2021-08-08,sample_00411,1
/content/drive/MyDrive/wildfire_prediction/sentinel2_firms_tf_lora/tiles/fire/sample_00177.png,fire,38.67087,-120.35609,2021-08-23,sample_00177,1
/content/drive/MyDrive/wildfire_prediction/sentinel2_firms_tf_lora/tiles/normal/sample_00242.png,normal,39.102890350432006,-122.93493000247554,2021-07-05,sample_00242,0
/content/drive/MyDrive/wildfire_prediction/sentinel2_firms_tf_lora/tiles/normal/sample_00374.png,normal,34.77466597396884,-119.64626777556329,2021-08-04,sample_00374,0
/content/drive/MyDrive/wildfire_prediction/sentinel2_firms_tf_lora/tiles/fire/sample_00403.png,fire,40.26064,-122.79797,2021-08-16,sample_00403,1
/content/drive/MyDrive/wildfire_prediction/sentinel2_firms_tf_lora/tiles/normal/sample_00274.png,normal,35.16437769480157,-119.89906198341905,2021-09-08,sample_00274,0
/content/drive/MyDrive/wildfire_prediction/sentinel2_firms_tf_lora/tiles/normal/sample_00111.png,normal,38.875504006087624,-114.1271292428023,2021-09-15,sample_00111,0
/content/drive/MyDrive/wildfire_prediction/sentinel2_firms_tf_lora/tiles/normal/sample_00067.png,normal,41.39842578019115,-119.89978100174002,2021-09-28,sample_00067,0
/content/drive/MyDrive/wildfire_prediction/sentinel2_firms_tf_lora/tiles/fire/sample_00578.png,fire,34.52449,-120.09457,2021-10-13,sample_00578,1
/content/drive/MyDrive/wildfire_prediction/sentinel2_firms_tf_lora/tiles/normal/sample_00321.png,normal,37.307081532273024,-123.1092060111521,2021-08-14,sample_00321,0
/content/drive/MyDrive/wildfire_prediction/sentinel2_firms_tf_lora/tiles/fire/sample_00565.png,fire,41.5099,-123.31092,2021-08-27,sample_00565,1
/content/drive/MyDrive/wildfire_prediction/sentinel2_firms_tf_lora/tiles/fire/sample_00016.png,fire,36.5689,-118.80976,2021-09-13,sample_00016,1
/content/drive/MyDrive/wildfire_prediction/sentinel2_firms_tf_lora/tiles/normal/sample_00202.png,normal,35.47779018741387,-116.56987485766432,2021-08-26,sample_00202,0
/content/drive/MyDrive/wildfire_prediction/sentinel2_firms_tf_lora/tiles/fire/sample_00278.png,fire,34.51327,-120.11536,2021-10-13,sample_00278,1
/content/drive/MyDrive/wildfire_prediction/sentinel2_firms_tf_lora/tiles/normal/sample_00380.png,normal,35.370198492261856,-118.39366635401015,2021-08-30,sample_00380,0
/content/drive/MyDrive/wildfire_prediction/sentinel2_firms_tf_lora/tiles/fire/sample_00020.png,fire,36.53472,-118.67391,2021-10-01,sample_00020,1
/content/drive/MyDrive/wildfire_prediction/sentinel2_firms_tf_lora/tiles/fire/sample_00000.png,fire,35.87141,-118.52146,2021-10-02,sample_00000,1
/content/drive/MyDrive/wildfire_prediction/sentinel2_firms_tf_lora/tiles/fire/sample_00294.png,fire,36.64366,-118.76049,2021-10-01,sample_00294,1
/content/drive/MyDrive/wildfire_prediction/sentinel2_firms_tf_lora/tiles/normal/sample_00183.png,normal,41.544594077110744,-121.36456715008997,2021-08-19,sample_00183,0
/content/drive/MyDrive/wildfire_prediction/sentinel2_firms_tf_lora/tiles/fire/sample_00214.png,fire,37.85517,-119.62753,2021-08-18,sample_00214,1
/content/drive/MyDrive/wildfire_prediction/sentinel2_firms_tf_lora/tiles/normal/sample_00381.png,normal,33.5629001552871,-115.1519832016409,2021-08-01,sample_00381,0
/content/drive/MyDrive/wildfire_prediction/sentinel2_firms_tf_lora/tiles/fire/sample_00101.png,fire,41.20484,-122.85076,2021-09-08,sample_00101,1
/content/drive/MyDrive/wildfire_prediction/sentinel2_firms_tf_lora/tiles/normal/sample_00303.png,normal,37.307819659867654,-120.91707266395653,2021-10-17,sample_00303,0
/content/drive/MyDrive/wildfire_prediction/sentinel2_firms_tf_lora/tiles/normal/sample_00072.png,normal,40.03753273861407,-123.36499592276895,2021-10-20,sample_00072,0
/content/drive/MyDrive/wildfire_prediction/sentinel2_firms_tf_lora/tiles/fire/sample_00332.png,fire,41.55777,-121.86254,2021-08-06,sample_00332,1
/content/drive/MyDrive/wildfire_prediction/sentinel2_firms_tf_lora/tiles/normal/sample_00218.png,normal,32.678389978369864,-115.56499521871918,2021-07-24,sample_00218,0
/content/drive/MyDrive/wildfire_prediction/sentinel2_firms_tf_lora/tiles/normal/sample_00238.png,normal,38.57999975982338,-121.74946974443934,2021-10-03,sample_00238,0
/content/drive/MyDrive/wildfire_prediction/sentinel2_firms_tf_lora/tiles/normal/sample_00465.png,normal,38.374349834319446,-114.84401460252094,2021-10-08,sample_00465,0
/content/drive/MyDrive/wildfire_prediction/sentinel2_firms_tf_lora/tiles/normal/sample_00328.png,normal,39.36083821524634,-122.36222822056175,2021-09-20,sample_00328,0
/content/drive/MyDrive/wildfire_prediction/sentinel2_firms_tf_lora/tiles/fire/sample_00277.png,fire,39.96086,-120.24976,2021-07-12,sample_00277,1
/content/drive/MyDrive/wildfire_prediction/sentinel2_firms_tf_lora/tiles/normal/sample_00173.png,normal,38.743570281794106,-124.41785737490234,2021-10-13,sample_00173,0
/content/drive/MyDrive/wildfire_prediction/sentinel2_firms_tf_lora/tiles/fire/sample_00257.png,fire,40.43856,-121.07858,2021-08-09,sample_00257,1
/content/drive/MyDrive/wildfire_prediction/sentinel2_firms_tf_lora/tiles/normal/sample_00112.png,normal,39.73580765500181,-119.55974135585785,2021-09-22,sample_00112,0
/content/drive/MyDrive/wildfire_prediction/sentinel2_firms_tf_lora/tiles/fire/sample_00453.png,fire,40.99836,-123.18667,2021-09-07,sample_00453,1
/content/drive/MyDrive/wildfire_prediction/sentinel2_firms_tf_lora/tiles/fire/sample_00485.png,fire,41.06395,-122.76104,2021-09-09,sample_00485,1
/content/drive/MyDrive/wildfire_prediction/sentinel2_firms_tf_lora/tiles/fire/sample_00308.png,fire,40.52097,-121.27731,2021-08-11,sample_00308,1
/content/drive/MyDrive/wildfire_prediction/sentinel2_firms_tf_lora/tiles/fire/sample_00364.png,fire,40.17445,-120.632,2021-08-15,sample_00364,1
/content/drive/MyDrive/wildfire_prediction/sentinel2_firms_tf_lora/tiles/fire/sample_00085.png,fire,40.13924,-120.65598,2021-08-18,sample_00085,1
/content/drive/MyDrive/wildfire_prediction/sentinel2_firms_tf_lora/tiles/normal/sample_00064.png,normal,33.847216569394455,-118.59018423061208,2021-08-08,sample_00064,0
/content/drive/MyDrive/wildfire_prediction/sentinel2_firms_tf_lora/tiles/normal/sample_00468.png,normal,34.73114218040489,-119.50102233676627,2021-09-30,sample_00468,0
/content/drive/MyDrive/wildfire_prediction/sentinel2_firms_tf_lora/tiles/fire/sample_00484.png,fire,38.65611,-120.5472,2021-08-17,sample_00484,1
/content/drive/MyDrive/wildfire_prediction/sentinel2_firms_tf_lora/tiles/fire/sample_00552.png,fire,41.06913,-123.21355,2021-09-16,sample_00552,1
/content/drive/MyDrive/wildfire_prediction/sentinel2_firms_tf_lora/tiles/fire/sample_00371.png,fire,40.30025,-120.83381,2021-08-17,sample_00371,1
/content/drive/MyDrive/wildfire_prediction/sentinel2_firms_tf_lora/tiles/fire/sample_00460.png,fire,34.62296,-117.09977,2021-08-08,sample_00460,1
/content/drive/MyDrive/wildfire_prediction/sentinel2_firms_tf_lora/tiles/normal/sample_00262.png,normal,40.508798554889964,-118.46040935319073,2021-10-30,sample_00262,0
/content/drive/MyDrive/wildfire_prediction/sentinel2_firms_tf_lora/tiles/fire/sample_00529.png,fire,40.4194,-121.17782,2021-08-05,sample_00529,1
/content/drive/MyDrive/wildfire_prediction/sentinel2_firms_tf_lora/tiles/fire/sample_00522.png,fire,41.63249,-123.34468,2021-09-08,sample_00522,1
/content/drive/MyDrive/wildfire_prediction/sentinel2_firms_tf_lora/tiles/normal/sample_00397.png,normal,36.3929573709416,-119.29757527987445,2021-09-23,sample_00397,0
/content/drive/MyDrive/wildfire_prediction/sentinel2_firms_tf_lora/tiles/normal/sample_00046.png,normal,35.65772110522674,-115.12321825570167,2021-07-11,sample_00046,0
/content/drive/MyDrive/wildfire_prediction/sentinel2_firms_tf_lora/tiles/fire/sample_00142.png,fire,40.41911,-121.11555,2021-08-08,sample_00142,1
/content/drive/MyDrive/wildfire_prediction/sentinel2_firms_tf_lora/tiles/normal/sample_00572.png,normal,39.257471549826626,-117.11863064001597,2021-08-28,sample_00572,0
/content/drive/MyDrive/wildfire_prediction/sentinel2_firms_tf_lora/tiles/fire/sample_00048.png,fire,40.08179,-120.77437,2021-08-20,sample_00048,1
/content/drive/MyDrive/wildfire_prediction/sentinel2_firms_tf_lora/tiles/normal/sample_00176.png,normal,40.498635874647576,-119.56177821976301,2021-10-04,sample_00176,0
/content/drive/MyDrive/wildfire_prediction/sentinel2_firms_tf_lora/tiles/fire/sample_00491.png,fire,40.28561,-122.95384,2021-08-13,sample_00491,1
/content/drive/MyDrive/wildfire_prediction/sentinel2_firms_tf_lora/tiles/fire/sample_00203.png,fire,35.66495,-118.51056,2021-08-19,sample_00203,1
/content/drive/MyDrive/wildfire_prediction/sentinel2_firms_tf_lora/tiles/fire/sample_00141.png,fire,40.185,-121.30584,2021-07-29,sample_00141,1
/content/drive/MyDrive/wildfire_prediction/sentinel2_firms_tf_lora/tiles/normal/sample_00345.png,normal,34.7813031402088,-114.686470274553,2021-08-05,sample_00345,0
/content/drive/MyDrive/wildfire_prediction/sentinel2_firms_tf_lora/tiles/normal/sample_00401.png,normal,32.78698031767882,-120.74300306137053,2021-09-26,sample_00401,0
/content/drive/MyDrive/wildfire_prediction/sentinel2_firms_tf_lora/tiles/fire/sample_00427.png,fire,36.47864,-118.7328,2021-09-15,sample_00427,1
/content/drive/MyDrive/wildfire_prediction/sentinel2_firms_tf_lora/tiles/fire/sample_00010.png,fire,41.5162,-121.88198,2021-08-08,sample_00010,1
/content/drive/MyDrive/wildfire_prediction/sentinel2_firms_tf_lora/tiles/fire/sample_00528.png,fire,40.36519,-121.11977,2021-08-10,sample_00528,1
/content/drive/MyDrive/wildfire_prediction/sentinel2_firms_tf_lora/tiles/fire/sample_00094.png,fire,40.48861,-121.12207,2021-08-17,sample_00094,1
/content/drive/MyDrive/wildfire_prediction/sentinel2_firms_tf_lora/tiles/fire/sample_00244.png,fire,40.52203,-121.21603,2021-08-31,sample_00244,1
/content/drive/MyDrive/wildfire_prediction/sentinel2_firms_tf_lora/tiles/normal/sample_00356.png,normal,34.117407992107694,-120.17090869128512,2021-07-23,sample_00356,0
/content/drive/MyDrive/wildfire_prediction/sentinel2_firms_tf_lora/tiles/fire/sample_00026.png,fire,38.69139,-120.52371,2021-08-17,sample_00026,1
/content/drive/MyDrive/wildfire_prediction/sentinel2_firms_tf_lora/tiles/fire/sample_00044.png,fire,40.09506,-121.35668,2021-07-22,sample_00044,1
/content/drive/MyDrive/wildfire_prediction/sentinel2_firms_tf_lora/tiles/fire/sample_00166.png,fire,40.4935,-121.32283,2021-08-16,sample_00166,1
/content/drive/MyDrive/wildfire_prediction/sentinel2_firms_tf_lora/tiles/fire/sample_00543.png,fire,41.65417,-123.27747,2021-09-01,sample_00543,1
/content/drive/MyDrive/wildfire_prediction/sentinel2_firms_tf_lora/tiles/fire/sample_00051.png,fire,40.10204,-121.29391,2021-07-22,sample_00051,1
/content/drive/MyDrive/wildfire_prediction/sentinel2_firms_tf_lora/tiles/fire/sample_00092.png,fire,35.84947,-118.59586,2021-09-27,sample_00092,1
/content/drive/MyDrive/wildfire_prediction/sentinel2_firms_tf_lora/tiles/normal/sample_00406.png,normal,36.98990600332046,-115.03760132880333,2021-10-10,sample_00406,0
/content/drive/MyDrive/wildfire_prediction/sentinel2_firms_tf_lora/tiles/normal/sample_00075.png,normal,38.188870182969325,-114.20463838014362,2021-10-15,sample_00075,0
/content/drive/MyDrive/wildfire_prediction/sentinel2_firms_tf_lora/tiles/fire/sample_00096.png,fire,38.83322,-120.0039,2021-08-31,sample_00096,1
/content/drive/MyDrive/wildfire_prediction/sentinel2_firms_tf_lora/tiles/normal/sample_00314.png,normal,35.91136550402203,-114.02807933111382,2021-07-18,sample_00314,0
/content/drive/MyDrive/wildfire_prediction/sentinel2_firms_tf_lora/tiles/fire/sample_00577.png,fire,40.11879,-121.05737,2021-08-06,sample_00577,1
/content/drive/MyDrive/wildfire_prediction/sentinel2_firms_tf_lora/tiles/normal/sample_00198.png,normal,41.943290209692314,-116.2823288632093,2021-08-14,sample_00198,0
/content/drive/MyDrive/wildfire_prediction/sentinel2_firms_tf_lora/tiles/normal/sample_00539.png,normal,37.779642140149875,-114.71656158592118,2021-07-14,sample_00539,0
/content/drive/MyDrive/wildfire_prediction/sentinel2_firms_tf_lora/tiles/normal/sample_00009.png,normal,40.22571560653215,-121.98575074145039,2021-07-31,sample_00009,0
/content/drive/MyDrive/wildfire_prediction/sentinel2_firms_tf_lora/tiles/fire/sample_00087.png,fire,40.00886,-120.70544,2021-08-28,sample_00087,1
/content/drive/MyDrive/wildfire_prediction/sentinel2_firms_tf_lora/tiles/fire/sample_00006.png,fire,40.58791,-123.2879,2021-09-08,sample_00006,1
/content/drive/MyDrive/wildfire_prediction/sentinel2_firms_tf_lora/tiles/fire/sample_00136.png,fire,40.1042,-121.10061,2021-08-09,sample_00136,1
/content/drive/MyDrive/wildfire_prediction/sentinel2_firms_tf_lora/tiles/fire/sample_00585.png,fire,35.88414,-118.62562,2021-09-25,sample_00585,1
/content/drive/MyDrive/wildfire_prediction/sentinel2_firms_tf_lora/tiles/normal/sample_00486.png,normal,36.68532436332814,-117.40591405150396,2021-09-04,sample_00486,0
/content/drive/MyDrive/wildfire_prediction/sentinel2_firms_tf_lora/tiles/fire/sample_00199.png,fire,41.59353,-123.37214,2021-09-02,sample_00199,1
/content/drive/MyDrive/wildfire_prediction/sentinel2_firms_tf_lora/tiles/normal/sample_00023.png,normal,35.23105713453933,-117.09317788577853,2021-08-23,sample_00023,0
/content/drive/MyDrive/wildfire_prediction/sentinel2_firms_tf_lora/tiles/normal/sample_00471.png,normal,37.12923434419604,-120.774337855151,2021-08-03,sample_00471,0
/content/drive/MyDrive/wildfire_prediction/sentinel2_firms_tf_lora/tiles/fire/sample_00018.png,fire,40.84401,-123.2559,2021-08-27,sample_00018,1
/content/drive/MyDrive/wildfire_prediction/sentinel2_firms_tf_lora/tiles/normal/sample_00351.png,normal,41.410460882121114,-116.56971543532404,2021-09-27,sample_00351,0
/content/drive/MyDrive/wildfire_prediction/sentinel2_firms_tf_lora/tiles/normal/sample_00115.png,normal,39.2243372733475,-118.07738345987752,2021-10-12,sample_00115,0
/content/drive/MyDrive/wildfire_prediction/sentinel2_firms_tf_lora/tiles/fire/sample_00324.png,fire,38.57315,-120.45783,2021-08-19,sample_00324,1
/content/drive/MyDrive/wildfire_prediction/sentinel2_firms_tf_lora/tiles/normal/sample_00191.png,normal,39.49095427875969,-121.68184685048314,2021-10-18,sample_00191,0
/content/drive/MyDrive/wildfire_prediction/sentinel2_firms_tf_lora/tiles/fire/sample_00156.png,fire,38.67698,-120.32404,2021-08-21,sample_00156,1
/content/drive/MyDrive/wildfire_prediction/sentinel2_firms_tf_lora/tiles/normal/sample_00053.png,normal,33.362565675315444,-116.49126040427556,2021-09-19,sample_00053,0
/content/drive/MyDrive/wildfire_prediction/sentinel2_firms_tf_lora/tiles/fire/sample_00360.png,fire,40.04986,-121.00117,2021-07-24,sample_00360,1
/content/drive/MyDrive/wildfire_prediction/sentinel2_firms_tf_lora/tiles/fire/sample_00446.png,fire,39.89323,-120.29569,2021-07-09,sample_00446,1
/content/drive/MyDrive/wildfire_prediction/sentinel2_firms_tf_lora/tiles/normal/sample_00424.png,normal,32.66288984950103,-117.75112869590197,2021-07-18,sample_00424,0
/content/drive/MyDrive/wildfire_prediction/sentinel2_firms_tf_lora/tiles/fire/sample_00521.png,fire,40.56693,-121.25327,2021-08-29,sample_00521,1
/content/drive/MyDrive/wildfire_prediction/sentinel2_firms_tf_lora/tiles/fire/sample_00292.png,fire,38.69113,-120.22376,2021-08-27,sample_00292,1
/content/drive/MyDrive/wildfire_prediction/sentinel2_firms_tf_lora/tiles/normal/sample_00079.png,normal,32.771094814326645,-118.23600182262868,2021-08-14,sample_00079,0
/content/drive/MyDrive/wildfire_prediction/sentinel2_firms_tf_lora/tiles/fire/sample_00263.png,fire,40.36459,-123.09909,2021-08-03,sample_00263,1
/content/drive/MyDrive/wildfire_prediction/sentinel2_firms_tf_lora/tiles/normal/sample_00584.png,normal,40.21644674277824,-117.16953635262362,2021-08-13,sample_00584,0
/content/drive/MyDrive/wildfire_prediction/sentinel2_firms_tf_lora/tiles/fire/sample_00099.png,fire,41.31782,-123.23109,2021-08-09,sample_00099,1
/content/drive/MyDrive/wildfire_prediction/sentinel2_firms_tf_lora/tiles/normal/sample_00505.png,normal,40.93704124897573,-118.66419420684437,2021-09-05,sample_00505,0
/content/drive/MyDrive/wildfire_prediction/sentinel2_firms_tf_lora/tiles/normal/sample_00187.png,normal,32.887118335864216,-121.8834180635703,2021-10-17,sample_00187,0
/content/drive/MyDrive/wildfire_prediction/sentinel2_firms_tf_lora/tiles/fire/sample_00532.png,fire,40.02714,-121.3997,2021-08-05,sample_00532,1
/content/drive/MyDrive/wildfire_prediction/sentinel2_firms_tf_lora/tiles/normal/sample_00353.png,normal,38.58531593672872,-116.45895631487976,2021-09-05,sample_00353,0
/content/drive/MyDrive/wildfire_prediction/sentinel2_firms_tf_lora/tiles/fire/sample_00363.png,fire,40.02123,-120.56822,2021-08-31,sample_00363,1
/content/drive/MyDrive/wildfire_prediction/sentinel2_firms_tf_lora/tiles/fire/sample_00288.png,fire,40.50499,-121.22859,2021-09-05,sample_00288,1
/content/drive/MyDrive/wildfire_prediction/sentinel2_firms_tf_lora/tiles/normal/sample_00448.png,normal,39.92719914199858,-122.0949952443769,2021-07-05,sample_00448,0
/content/drive/MyDrive/wildfire_prediction/sentinel2_firms_tf_lora/tiles/normal/sample_00426.png,normal,38.06652266625202,-119.22007097934511,2021-10-18,sample_00426,0
/content/drive/MyDrive/wildfire_prediction/sentinel2_firms_tf_lora/tiles/normal/sample_00212.png,normal,39.81510141966409,-118.13366466194888,2021-10-10,sample_00212,0
/content/drive/MyDrive/wildfire_prediction/sentinel2_firms_tf_lora/tiles/fire/sample_00596.png,fire,40.78191,-123.13319,2021-08-10,sample_00596,1
/content/drive/MyDrive/wildfire_prediction/sentinel2_firms_tf_lora/tiles/fire/sample_00145.png,fire,40.27206,-120.87759,2021-08-15,sample_00145,1
/content/drive/MyDrive/wildfire_prediction/sentinel2_firms_tf_lora/tiles/fire/sample_00507.png,fire,40.77982,-123.25681,2021-08-07,sample_00507,1
/content/drive/MyDrive/wildfire_prediction/sentinel2_firms_tf_lora/tiles/fire/sample_00444.png,fire,38.8249,-120.03645,2021-09-01,sample_00444,1
/content/drive/MyDrive/wildfire_prediction/sentinel2_firms_tf_lora/tiles/fire/sample_00369.png,fire,38.6618,-120.20818,2021-08-28,sample_00369,1
/content/drive/MyDrive/wildfire_prediction/sentinel2_firms_tf_lora/tiles/normal/sample_00265.png,normal,37.160966950262285,-116.17420488461067,2021-07-12,sample_00265,0
/content/drive/MyDrive/wildfire_prediction/sentinel2_firms_tf_lora/tiles/normal/sample_00113.png,normal,40.78963266530323,-115.83826436567864,2021-07-01,sample_00113,0
/content/drive/MyDrive/wildfire_prediction/sentinel2_firms_tf_lora/tiles/normal/sample_00098.png,normal,40.49557169289436,-118.38364955185716,2021-07-19,sample_00098,0
/content/drive/MyDrive/wildfire_prediction/sentinel2_firms_tf_lora/tiles/normal/sample_00069.png,normal,39.23434681128476,-124.01884397161555,2021-07-30,sample_00069,0
/content/drive/MyDrive/wildfire_prediction/sentinel2_firms_tf_lora/tiles/normal/sample_00240.png,normal,36.30433263587921,-121.64141497198524,2021-09-08,sample_00240,0
/content/drive/MyDrive/wildfire_prediction/sentinel2_firms_tf_lora/tiles/normal/sample_00114.png,normal,34.24502641187587,-119.78955774775211,2021-08-24,sample_00114,0
/content/drive/MyDrive/wildfire_prediction/sentinel2_firms_tf_lora/tiles/fire/sample_00384.png,fire,39.99003,-121.12048,2021-07-23,sample_00384,1
/content/drive/MyDrive/wildfire_prediction/sentinel2_firms_tf_lora/tiles/fire/sample_00452.png,fire,36.45287,-118.71231,2021-09-25,sample_00452,1
/content/drive/MyDrive/wildfire_prediction/sentinel2_firms_tf_lora/tiles/fire/sample_00320.png,fire,36.33603,-118.53399,2021-09-02,sample_00320,1
/content/drive/MyDrive/wildfire_prediction/sentinel2_firms_tf_lora/tiles/normal/sample_00517.png,normal,37.10059106558159,-121.98791842994636,2021-08-26,sample_00517,0
/content/drive/MyDrive/wildfire_prediction/sentinel2_firms_tf_lora/tiles/fire/sample_00148.png,fire,39.96001,-121.22766,2021-07-20,sample_00148,1
/content/drive/MyDrive/wildfire_prediction/sentinel2_firms_tf_lora/tiles/fire/sample_00195.png,fire,40.51996,-121.46323,2021-09-05,sample_00195,1
/content/drive/MyDrive/wildfire_prediction/sentinel2_firms_tf_lora/tiles/normal/sample_00592.png,normal,38.3427275307891,-116.94762340660235,2021-09-03,sample_00592,0
/content/drive/MyDrive/wildfire_prediction/sentinel2_firms_tf_lora/tiles/fire/sample_00162.png,fire,40.73672,-122.32336,2021-08-01,sample_00162,1
/content/drive/MyDrive/wildfire_prediction/sentinel2_firms_tf_lora/tiles/normal/sample_00190.png,normal,40.678445120520315,-114.48898144606389,2021-08-23,sample_00190,0
/content/drive/MyDrive/wildfire_prediction/sentinel2_firms_tf_lora/tiles/fire/sample_00433.png,fire,40.16829,-120.49253,2021-08-18,sample_00433,1
/content/drive/MyDrive/wildfire_prediction/sentinel2_firms_tf_lora/tiles/normal/sample_00335.png,normal,40.82407361345056,-119.34577370750033,2021-10-20,sample_00335,0
/content/drive/MyDrive/wildfire_prediction/sentinel2_firms_tf_lora/tiles/normal/sample_00540.png,normal,36.43301007080061,-122.32823891009869,2021-08-23,sample_00540,0
/content/drive/MyDrive/wildfire_prediction/sentinel2_firms_tf_lora/tiles/normal/sample_00153.png,normal,38.07048410516834,-115.07285972217399,2021-08-21,sample_00153,0
/content/drive/MyDrive/wildfire_prediction/sentinel2_firms_tf_lora/tiles/fire/sample_00220.png,fire,41.49792,-123.4157,2021-09-01,sample_00220,1
/content/drive/MyDrive/wildfire_prediction/sentinel2_firms_tf_lora/tiles/normal/sample_00021.png,normal,39.737498594339066,-117.9332082074774,2021-10-06,sample_00021,0
/content/drive/MyDrive/wildfire_prediction/sentinel2_firms_tf_lora/tiles/normal/sample_00482.png,normal,39.396458013862876,-121.18674658793714,2021-10-04,sample_00482,0
/content/drive/MyDrive/wildfire_prediction/sentinel2_firms_tf_lora/tiles/fire/sample_00179.png,fire,35.87294,-118.59756,2021-09-25,sample_00179,1
/content/drive/MyDrive/wildfire_prediction/sentinel2_firms_tf_lora/tiles/fire/sample_00011.png,fire,40.48209,-121.33129,2021-08-18,sample_00011,1
/content/drive/MyDrive/wildfire_prediction/sentinel2_firms_tf_lora/tiles/fire/sample_00386.png,fire,34.4296,-118.64474,2021-09-19,sample_00386,1
/content/drive/MyDrive/wildfire_prediction/sentinel2_firms_tf_lora/tiles/normal/sample_00226.png,normal,38.308570754969786,-122.70304419391998,2021-10-02,sample_00226,0
/content/drive/MyDrive/wildfire_prediction/sentinel2_firms_tf_lora/tiles/fire/sample_00133.png,fire,41.07382,-122.93451,2021-08-26,sample_00133,1
/content/drive/MyDrive/wildfire_prediction/sentinel2_firms_tf_lora/tiles/normal/sample_00172.png,normal,35.254085138808826,-120.25378814888175,2021-08-01,sample_00172,0
/content/drive/MyDrive/wildfire_prediction/sentinel2_firms_tf_lora/tiles/fire/sample_00344.png,fire,40.17323,-122.87461,2021-08-18,sample_00344,1
/content/drive/MyDrive/wildfire_prediction/sentinel2_firms_tf_lora/tiles/normal/sample_00553.png,normal,39.012590579557774,-118.86181153070766,2021-08-04,sample_00553,0
/content/drive/MyDrive/wildfire_prediction/sentinel2_firms_tf_lora/tiles/fire/sample_00333.png,fire,40.00228,-120.93335,2021-07-25,sample_00333,1
/content/drive/MyDrive/wildfire_prediction/sentinel2_firms_tf_lora/tiles/normal/sample_00392.png,normal,34.849040387781834,-115.4519088714111,2021-07-15,sample_00392,0
/content/drive/MyDrive/wildfire_prediction/sentinel2_firms_tf_lora/tiles/fire/sample_00056.png,fire,40.1492,-121.14955,2021-08-05,sample_00056,1
/content/drive/MyDrive/wildfire_prediction/sentinel2_firms_tf_lora/tiles/fire/sample_00423.png,fire,40.62951,-123.19213,2021-08-18,sample_00423,1
/content/drive/MyDrive/wildfire_prediction/sentinel2_firms_tf_lora/tiles/fire/sample_00193.png,fire,37.81654,-118.86105,2021-07-15,sample_00193,1
/content/drive/MyDrive/wildfire_prediction/sentinel2_firms_tf_lora/tiles/normal/sample_00483.png,normal,38.99132574809456,-115.64155778564316,2021-08-12,sample_00483,0
/content/drive/MyDrive/wildfire_prediction/sentinel2_firms_tf_lora/tiles/normal/sample_00470.png,normal,38.42396501439984,-118.09887542142613,2021-10-03,sample_00470,0
/content/drive/MyDrive/wildfire_prediction/sentinel2_firms_tf_lora/tiles/fire/sample_00489.png,fire,36.62497,-118.80024,2021-10-04,sample_00489,1
/content/drive/MyDrive/wildfire_prediction/sentinel2_firms_tf_lora/tiles/fire/sample_00255.png,fire,40.27395,-120.85839,2021-08-11,sample_00255,1
/content/drive/MyDrive/wildfire_prediction/sentinel2_firms_tf_lora/tiles/fire/sample_00398.png,fire,40.42778,-121.12244,2021-08-09,sample_00398,1
/content/drive/MyDrive/wildfire_prediction/sentinel2_firms_tf_lora/tiles/fire/sample_00058.png,fire,40.58419,-121.32993,2021-08-29,sample_00058,1
/content/drive/MyDrive/wildfire_prediction/sentinel2_firms_tf_lora/tiles/fire/sample_00108.png,fire,40.37166,-121.52769,2021-08-17,sample_00108,1
/content/drive/MyDrive/wildfire_prediction/sentinel2_firms_tf_lora/tiles/normal/sample_00169.png,normal,39.266057181520004,-123.8818254477986,2021-07-09,sample_00169,0
/content/drive/MyDrive/wildfire_prediction/sentinel2_firms_tf_lora/tiles/fire/sample_00068.png,fire,40.54807,-121.34688,2021-08-31,sample_00068,1
/content/drive/MyDrive/wildfire_prediction/sentinel2_firms_tf_lora/tiles/normal/sample_00590.png,normal,36.850862970097765,-121.71875825177045,2021-08-01,sample_00590,0
/content/drive/MyDrive/wildfire_prediction/sentinel2_firms_tf_lora/tiles/fire/sample_00243.png,fire,41.82298,-120.65801,2021-07-06,sample_00243,1
/content/drive/MyDrive/wildfire_prediction/sentinel2_firms_tf_lora/tiles/fire/sample_00559.png,fire,40.12094,-121.27968,2021-07-23,sample_00559,1
/content/drive/MyDrive/wildfire_prediction/sentinel2_firms_tf_lora/tiles/fire/sample_00362.png,fire,41.07946,-122.9451,2021-08-19,sample_00362,1
/content/drive/MyDrive/wildfire_prediction/sentinel2_firms_tf_lora/tiles/normal/sample_00438.png,normal,39.65690523354123,-122.6727128962956,2021-09-11,sample_00438,0
/content/drive/MyDrive/wildfire_prediction/sentinel2_firms_tf_lora/tiles/normal/sample_00285.png,normal,39.466887088331234,-121.20638820095259,2021-09-16,sample_00285,0
/content/drive/MyDrive/wildfire_prediction/sentinel2_firms_tf_lora/tiles/normal/sample_00551.png,normal,33.314960225971255,-117.58068113009604,2021-08-15,sample_00551,0
/content/drive/MyDrive/wildfire_prediction/sentinel2_firms_tf_lora/tiles/fire/sample_00086.png,fire,40.72335,-123.07999,2021-08-17,sample_00086,1
/content/drive/MyDrive/wildfire_prediction/sentinel2_firms_tf_lora/tiles/fire/sample_00511.png,fire,40.20027,-122.88648,2021-08-16,sample_00511,1
/content/drive/MyDrive/wildfire_prediction/sentinel2_firms_tf_lora/tiles/normal/sample_00311.png,normal,38.27715911783502,-114.3807851869373,2021-09-30,sample_00311,0
/content/drive/MyDrive/wildfire_prediction/sentinel2_firms_tf_lora/tiles/normal/sample_00365.png,normal,40.32089007429021,-119.66681603587111,2021-08-09,sample_00365,0
/content/drive/MyDrive/wildfire_prediction/sentinel2_firms_tf_lora/tiles/normal/sample_00074.png,normal,35.10751242940215,-117.76444174461992,2021-08-21,sample_00074,0
/content/drive/MyDrive/wildfire_prediction/sentinel2_firms_tf_lora/tiles/fire/sample_00124.png,fire,38.68899,-120.5771,2021-08-22,sample_00124,1
/content/drive/MyDrive/wildfire_prediction/sentinel2_firms_tf_lora/tiles/fire/sample_00181.png,fire,40.49049,-121.3549,2021-08-19,sample_00181,1
/content/drive/MyDrive/wildfire_prediction/sentinel2_firms_tf_lora/tiles/fire/sample_00158.png,fire,40.69633,-123.23103,2021-08-10,sample_00158,1
/content/drive/MyDrive/wildfire_prediction/sentinel2_firms_tf_lora/tiles/fire/sample_00555.png,fire,38.77225,-120.25675,2021-08-25,sample_00555,1
/content/drive/MyDrive/wildfire_prediction/sentinel2_firms_tf_lora/tiles/normal/sample_00231.png,normal,39.16292161768567,-118.67866898449867,2021-07-25,sample_00231,0
/content/drive/MyDrive/wildfire_prediction/sentinel2_firms_tf_lora/tiles/normal/sample_00405.png,normal,36.539385341528956,-114.97802533021081,2021-08-27,sample_00405,0
/content/drive/MyDrive/wildfire_prediction/sentinel2_firms_tf_lora/tiles/normal/sample_00391.png,normal,38.02585237759811,-117.62559095111774,2021-08-29,sample_00391,0
/content/drive/MyDrive/wildfire_prediction/sentinel2_firms_tf_lora/tiles/normal/sample_00150.png,normal,33.30412925243077,-114.0813000363502,2021-10-25,sample_00150,0
/content/drive/MyDrive/wildfire_prediction/sentinel2_firms_tf_lora/tiles/fire/sample_00309.png,fire,40.87989,-123.2776,2021-08-29,sample_00309,1
/content/drive/MyDrive/wildfire_prediction/sentinel2_firms_tf_lora/tiles/normal/sample_00070.png,normal,34.52078835559495,-119.19376947491469,2021-07-04,sample_00070,0
/content/drive/MyDrive/wildfire_prediction/sentinel2_firms_tf_lora/tiles/fire/sample_00350.png,fire,40.12996,-121.13618,2021-08-05,sample_00350,1
/content/drive/MyDrive/wildfire_prediction/sentinel2_firms_tf_lora/tiles/fire/sample_00537.png,fire,33.93892,-117.88387,2021-10-03,sample_00537,1
/content/drive/MyDrive/wildfire_prediction/sentinel2_firms_tf_lora/tiles/fire/sample_00041.png,fire,39.98061,-120.21464,2021-07-10,sample_00041,1
/content/drive/MyDrive/wildfire_prediction/sentinel2_firms_tf_lora/tiles/normal/sample_00562.png,normal,35.660456573874306,-117.36901020720232,2021-08-21,sample_00562,0
/content/drive/MyDrive/wildfire_prediction/sentinel2_firms_tf_lora/tiles/normal/sample_00407.png,normal,41.35567631297732,-119.8471271769387,2021-10-19,sample_00407,0
/content/drive/MyDrive/wildfire_prediction/sentinel2_firms_tf_lora/tiles/normal/sample_00014.png,normal,33.354653350174,-120.27247653792618,2021-08-13,sample_00014,0
/content/drive/MyDrive/wildfire_prediction/sentinel2_firms_tf_lora/tiles/normal/sample_00313.png,normal,39.4245593629847,-115.67469053784313,2021-10-26,sample_00313,0
/content/drive/MyDrive/wildfire_prediction/sentinel2_firms_tf_lora/tiles/normal/sample_00326.png,normal,37.567249844436304,-123.17951462903537,2021-09-23,sample_00326,0
/content/drive/MyDrive/wildfire_prediction/sentinel2_firms_tf_lora/tiles/normal/sample_00393.png,normal,42.06213554419442,-123.73076242845386,2021-07-28,sample_00393,0
/content/drive/MyDrive/wildfire_prediction/sentinel2_firms_tf_lora/tiles/fire/sample_00497.png,fire,38.82581,-120.13582,2021-08-31,sample_00497,1
/content/drive/MyDrive/wildfire_prediction/sentinel2_firms_tf_lora/tiles/normal/sample_00385.png,normal,41.82731455904011,-116.49939690995332,2021-09-03,sample_00385,0
/content/drive/MyDrive/wildfire_prediction/sentinel2_firms_tf_lora/tiles/normal/sample_00025.png,normal,35.33199561117023,-117.06580590003418,2021-07-17,sample_00025,0
/content/drive/MyDrive/wildfire_prediction/sentinel2_firms_tf_lora/tiles/fire/sample_00258.png,fire,40.18644,-121.27347,2021-08-03,sample_00258,1
/content/drive/MyDrive/wildfire_prediction/sentinel2_firms_tf_lora/tiles/normal/sample_00103.png,normal,33.95182541670776,-117.35494725828856,2021-09-15,sample_00103,0
/content/drive/MyDrive/wildfire_prediction/sentinel2_firms_tf_lora/tiles/fire/sample_00366.png,fire,40.62087,-121.33957,2021-08-27,sample_00366,1
/content/drive/MyDrive/wildfire_prediction/sentinel2_firms_tf_lora/tiles/fire/sample_00500.png,fire,40.57581,-121.35857,2021-09-04,sample_00500,1
/content/drive/MyDrive/wildfire_prediction/sentinel2_firms_tf_lora/tiles/normal/sample_00571.png,normal,33.74222839670671,-122.07175446285405,2021-09-27,sample_00571,0
/content/drive/MyDrive/wildfire_prediction/sentinel2_firms_tf_lora/tiles/fire/sample_00189.png,fire,38.72753,-119.6949,2021-07-20,sample_00189,1
/content/drive/MyDrive/wildfire_prediction/sentinel2_firms_tf_lora/tiles/fire/sample_00251.png,fire,32.54486,-116.52715,2021-07-05,sample_00251,1
/content/drive/MyDrive/wildfire_prediction/sentinel2_firms_tf_lora/tiles/fire/sample_00032.png,fire,35.99773,-118.72773,2021-10-05,sample_00032,1
/content/drive/MyDrive/wildfire_prediction/sentinel2_firms_tf_lora/tiles/normal/sample_00209.png,normal,36.47832943759721,-114.62618145733308,2021-09-25,sample_00209,0
/content/drive/MyDrive/wildfire_prediction/sentinel2_firms_tf_lora/tiles/normal/sample_00508.png,normal,40.80845814927277,-122.59184522160896,2021-08-03,sample_00508,0
/content/drive/MyDrive/wildfire_prediction/sentinel2_firms_tf_lora/tiles/fire/sample_00100.png,fire,41.43194,-121.88269,2021-08-20,sample_00100,1
/content/drive/MyDrive/wildfire_prediction/sentinel2_firms_tf_lora/tiles/fire/sample_00120.png,fire,40.52824,-121.43027,2021-09-09,sample_00120,1
/content/drive/MyDrive/wildfire_prediction/sentinel2_firms_tf_lora/tiles/fire/sample_00273.png,fire,38.71763,-119.5782,2021-07-23,sample_00273,1
/content/drive/MyDrive/wildfire_prediction/sentinel2_firms_tf_lora/tiles/fire/sample_00165.png,fire,41.06468,-122.7915,2021-09-08,sample_00165,1
/content/drive/MyDrive/wildfire_prediction/sentinel2_firms_tf_lora/tiles/fire/sample_00175.png,fire,40.55015,-121.3968,2021-09-22,sample_00175,1
/content/drive/MyDrive/wildfire_prediction/sentinel2_firms_tf_lora/tiles/fire/sample_00567.png,fire,38.75529,-120.28134,2021-08-22,sample_00567,1
/content/drive/MyDrive/wildfire_prediction/sentinel2_firms_tf_lora/tiles/fire/sample_00431.png,fire,40.5507,-121.24538,2021-08-18,sample_00431,1
/content/drive/MyDrive/wildfire_prediction/sentinel2_firms_tf_lora/tiles/fire/sample_00034.png,fire,41.21589,-122.94469,2021-09-01,sample_00034,1
/content/drive/MyDrive/wildfire_prediction/sentinel2_firms_tf_lora/tiles/normal/sample_00282.png,normal,33.63798963362726,-117.96630190977233,2021-07-04,sample_00282,0
/content/drive/MyDrive/wildfire_prediction/sentinel2_firms_tf_lora/tiles/fire/sample_00019.png,fire,36.07159,-118.62749,2021-09-21,sample_00019,1
/content/drive/MyDrive/wildfire_prediction/sentinel2_firms_tf_lora/tiles/normal/sample_00245.png,normal,35.095352014214924,-122.23920549787032,2021-10-06,sample_00245,0
/content/drive/MyDrive/wildfire_prediction/sentinel2_firms_tf_lora/tiles/fire/sample_00421.png,fire,38.74501,-119.64733,2021-07-22,sample_00421,1
/content/drive/MyDrive/wildfire_prediction/sentinel2_firms_tf_lora/tiles/fire/sample_00281.png,fire,40.09538,-121.07208,2021-08-10,sample_00281,1
/content/drive/MyDrive/wildfire_prediction/sentinel2_firms_tf_lora/tiles/normal/sample_00535.png,normal,40.49682227209394,-114.20743135766456,2021-08-01,sample_00535,0
/content/drive/MyDrive/wildfire_prediction/sentinel2_firms_tf_lora/tiles/normal/sample_00473.png,normal,36.23912271387517,-117.4472526589203,2021-08-08,sample_00473,0
/content/drive/MyDrive/wildfire_prediction/sentinel2_firms_tf_lora/tiles/fire/sample_00097.png,fire,40.50953,-121.32932,2021-08-26,sample_00097,1
/content/drive/MyDrive/wildfire_prediction/sentinel2_firms_tf_lora/tiles/fire/sample_00017.png,fire,40.18059,-120.76908,2021-08-10,sample_00017,1
/content/drive/MyDrive/wildfire_prediction/sentinel2_firms_tf_lora/tiles/fire/sample_00480.png,fire,38.65216,-119.80403,2021-07-17,sample_00480,1
/content/drive/MyDrive/wildfire_prediction/sentinel2_firms_tf_lora/tiles/normal/sample_00253.png,normal,34.726692223444516,-118.70408142143353,2021-07-21,sample_00253,0
/content/drive/MyDrive/wildfire_prediction/sentinel2_firms_tf_lora/tiles/normal/sample_00147.png,normal,40.673254309301406,-119.19320488997113,2021-08-02,sample_00147,0
/content/drive/MyDrive/wildfire_prediction/sentinel2_firms_tf_lora/tiles/fire/sample_00518.png,fire,41.5358,-121.96565,2021-08-12,sample_00518,1
/content/drive/MyDrive/wildfire_prediction/sentinel2_firms_tf_lora/tiles/fire/sample_00248.png,fire,41.02346,-123.13018,2021-08-22,sample_00248,1
/content/drive/MyDrive/wildfire_prediction/sentinel2_firms_tf_lora/tiles/fire/sample_00106.png,fire,40.31272,-123.07918,2021-08-03,sample_00106,1
/content/drive/MyDrive/wildfire_prediction/sentinel2_firms_tf_lora/tiles/fire/sample_00267.png,fire,40.10583,-120.24026,2021-09-06,sample_00267,1
/content/drive/MyDrive/wildfire_prediction/sentinel2_firms_tf_lora/tiles/normal/sample_00339.png,normal,37.51843573795706,-118.1307638664324,2021-07-28,sample_00339,0
/content/drive/MyDrive/wildfire_prediction/sentinel2_firms_tf_lora/tiles/normal/sample_00283.png,normal,36.58358477636237,-114.5368178973012,2021-10-26,sample_00283,0
/content/drive/MyDrive/wildfire_prediction/sentinel2_firms_tf_lora/tiles/normal/sample_00286.png,normal,38.96398502800224,-115.13211453909912,2021-07-12,sample_00286,0
/content/drive/MyDrive/wildfire_prediction/sentinel2_firms_tf_lora/tiles/normal/sample_00548.png,normal,39.03731267991657,-116.04195638171525,2021-10-10,sample_00548,0
/content/drive/MyDrive/wildfire_prediction/sentinel2_firms_tf_lora/tiles/fire/sample_00523.png,fire,36.57784,-118.79117,2021-09-17,sample_00523,1
/content/drive/MyDrive/wildfire_prediction/sentinel2_firms_tf_lora/tiles/fire/sample_00047.png,fire,40.04157,-120.25449,2021-07-24,sample_00047,1
/content/drive/MyDrive/wildfire_prediction/sentinel2_firms_tf_lora/tiles/normal/sample_00040.png,normal,40.95911582886516,-118.44977767793056,2021-08-01,sample_00040,0
/content/drive/MyDrive/wildfire_prediction/sentinel2_firms_tf_lora/tiles/fire/sample_00084.png,fire,40.69302,-123.1979,2021-08-20,sample_00084,1
/content/drive/MyDrive/wildfire_prediction/sentinel2_firms_tf_lora/tiles/fire/sample_00493.png,fire,40.17303,-120.94541,2021-08-05,sample_00493,1
/content/drive/MyDrive/wildfire_prediction/sentinel2_firms_tf_lora/tiles/fire/sample_00469.png,fire,36.60012,-118.80322,2021-09-21,sample_00469,1
/content/drive/MyDrive/wildfire_prediction/sentinel2_firms_tf_lora/tiles/fire/sample_00455.png,fire,40.5056,-121.32201,2021-08-18,sample_00455,1
/content/drive/MyDrive/wildfire_prediction/sentinel2_firms_tf_lora/tiles/normal/sample_00305.png,normal,36.79807993297382,-115.74184052027212,2021-07-21,sample_00305,0
/content/drive/MyDrive/wildfire_prediction/sentinel2_firms_tf_lora/tiles/normal/sample_00530.png,normal,37.53240914746163,-114.303677035057,2021-10-19,sample_00530,0
/content/drive/MyDrive/wildfire_prediction/sentinel2_firms_tf_lora/tiles/normal/sample_00569.png,normal,37.56762887951185,-117.55402592278276,2021-07-09,sample_00569,0
/content/drive/MyDrive/wildfire_prediction/sentinel2_firms_tf_lora/tiles/normal/sample_00280.png,normal,41.19720996709165,-118.28512585590694,2021-09-23,sample_00280,0
/content/drive/MyDrive/wildfire_prediction/sentinel2_firms_tf_lora/tiles/normal/sample_00358.png,normal,34.53026718751161,-121.09503128863912,2021-10-07,sample_00358,0
/content/drive/MyDrive/wildfire_prediction/sentinel2_firms_tf_lora/tiles/fire/sample_00594.png,fire,39.99955,-121.15935,2021-07-20,sample_00594,1
/content/drive/MyDrive/wildfire_prediction/sentinel2_firms_tf_lora/tiles/fire/sample_00416.png,fire,35.84534,-118.55957,2021-09-27,sample_00416,1
/content/drive/MyDrive/wildfire_prediction/sentinel2_firms_tf_lora/tiles/normal/sample_00082.png,normal,36.83082878550344,-122.98125933090111,2021-07-25,sample_00082,0
/content/drive/MyDrive/wildfire_prediction/sentinel2_firms_tf_lora/tiles/normal/sample_00076.png,normal,40.229144250761486,-116.83781623971491,2021-09-07,sample_00076,0
/content/drive/MyDrive/wildfire_prediction/sentinel2_firms_tf_lora/tiles/fire/sample_00297.png,fire,40.25108,-120.80315,2021-08-07,sample_00297,1
/content/drive/MyDrive/wildfire_prediction/sentinel2_firms_tf_lora/tiles/normal/sample_00415.png,normal,39.898762905650315,-114.15517403306204,2021-10-18,sample_00415,0
/content/drive/MyDrive/wildfire_prediction/sentinel2_firms_tf_lora/tiles/normal/sample_00073.png,normal,38.72580547178566,-118.8238266499468,2021-07-02,sample_00073,0
/content/drive/MyDrive/wildfire_prediction/sentinel2_firms_tf_lora/tiles/fire/sample_00205.png,fire,39.97811,-120.22593,2021-07-11,sample_00205,1
/content/drive/MyDrive/wildfire_prediction/sentinel2_firms_tf_lora/tiles/fire/sample_00524.png,fire,40.15018,-121.30733,2021-07-23,sample_00524,1
/content/drive/MyDrive/wildfire_prediction/sentinel2_firms_tf_lora/tiles/normal/sample_00341.png,normal,39.38472424181069,-119.36993260808774,2021-10-06,sample_00341,0
/content/drive/MyDrive/wildfire_prediction/sentinel2_firms_tf_lora/tiles/fire/sample_00033.png,fire,38.81448,-120.19539,2021-08-31,sample_00033,1
/content/drive/MyDrive/wildfire_prediction/sentinel2_firms_tf_lora/tiles/normal/sample_00566.png,normal,40.0419318584733,-117.93689092477567,2021-09-23,sample_00566,0
/content/drive/MyDrive/wildfire_prediction/sentinel2_firms_tf_lora/tiles/normal/sample_00276.png,normal,41.102918601362646,-116.69161785732436,2021-08-30,sample_00276,0
/content/drive/MyDrive/wildfire_prediction/sentinel2_firms_tf_lora/tiles/fire/sample_00059.png,fire,40.08088,-120.67452,2021-08-22,sample_00059,1
/content/drive/MyDrive/wildfire_prediction/sentinel2_firms_tf_lora/tiles/fire/sample_00050.png,fire,41.53307,-123.38462,2021-08-25,sample_00050,1
/content/drive/MyDrive/wildfire_prediction/sentinel2_firms_tf_lora/tiles/normal/sample_00576.png,normal,41.058800314250256,-115.46537406306352,2021-10-22,sample_00576,0
/content/drive/MyDrive/wildfire_prediction/sentinel2_firms_tf_lora/tiles/normal/sample_00487.png,normal,37.997105217766936,-117.29226430831183,2021-07-20,sample_00487,0
/content/drive/MyDrive/wildfire_prediction/sentinel2_firms_tf_lora/tiles/normal/sample_00376.png,normal,36.47456978616573,-119.35288209760071,2021-08-25,sample_00376,0
/content/drive/MyDrive/wildfire_prediction/sentinel2_firms_tf_lora/tiles/fire/sample_00272.png,fire,40.23921,-120.50661,2021-08-17,sample_00272,1
/content/drive/MyDrive/wildfire_prediction/sentinel2_firms_tf_lora/tiles/normal/sample_00091.png,normal,40.37452175940447,-120.29257185635463,2021-07-10,sample_00091,0
/content/drive/MyDrive/wildfire_prediction/sentinel2_firms_tf_lora/tiles/normal/sample_00325.png,normal,37.3424050486617,-123.54545117217516,2021-07-07,sample_00325,0
